,Teams,GP : Games Played,S : Shots,SOG : Shots On Goal,SOP : Shots On Post,SOFF : Shots Off Target,SAB : Shot Attempts Blocked,POSS : Possession Time Minutes Average,C : Crosses,CS : Crosses Successful,P : Passes,PC : Pass Completions,PL : Pass Attempts - Long,PLC : Pass Completions - Long,CK : Corner Kicks,OFF : Offsides
0,        Brazil      ,    5  ,    88  ,    44  ,    1  ,    24  ,    19  ,    56  ,    117  ,    23  ,"    2,792  ","    2,586  ",    114  ,    53  ,    37  ,    8  
1,        Argentina      ,    6  ,    81  ,    39  ,    0  ,    29  ,    13  ,    58  ,    98  ,    20  ,"    3,402  ","    3,148  ",    157  ,    57  ,    33  ,    20  
2,        France      ,    5  ,    76  ,    30  ,    0  ,    22  ,    23  ,    55  ,    131  ,    36  ,"    2,475  ","    2,280  ",    140  ,    51  ,    31  ,    7  
3,        England      ,    5  ,    58  ,    28  ,    1  ,    19  ,    11  ,    63  ,    100  ,    27  ,"    2,758  ","    2,560  ",    157  ,    68  ,    25  ,    5  
4,        Portugal      ,    5  ,    61  ,    26  ,    0  ,    17  ,    18  ,    61  ,    108  ,    23  ,"    2,555  ","    2,356  ",    175  ,    59  ,    28  ,    14  
5,        Germany      ,    3  ,    66  ,    25  ,    0  ,    28  ,    12  ,    59  ,    75  ,    25  ,"    1,667  ","    1,531  ",    76  ,    40  ,    25  ,    12  
6,        Croatia      ,    6  ,    64  ,    22  ,    0  ,    26  ,    15  ,    55  ,    146  ,    24  ,"    3,403  ","    3,098  ",    164  ,    61  ,    24  ,    9  
7,        South Korea      ,    4  ,    47  ,    18  ,    0  ,    14  ,    15  ,    48  ,    95  ,    18  ,"    1,611  ","    1,474  ",    150  ,    55  ,    24  ,    7  
8,        Netherlands      ,    5  ,    48  ,    17  ,    1  ,    17  ,    14  ,    52  ,    83  ,    17  ,"    2,513  ","    2,269  ",    129  ,    49  ,    19  ,    7  
9,        Spain      ,    4  ,    50  ,    17  ,    0  ,    16  ,    16  ,    76  ,    78  ,    16  ,"    3,492  ","    3,300  ",    76  ,    33  ,    21  ,    11  
10,        Mexico      ,    3  ,    44  ,    16  ,    0  ,    12  ,    15  ,    54  ,    79  ,    15  ,"    1,079  ",    976  ,    101  ,    37  ,    16  ,    13  
11,        Cameroon      ,    3  ,    24  ,    14  ,    0  ,    6  ,    4  ,    43  ,    54  ,    7  ,    975  ,    855  ,    133  ,    57  ,    12  ,    2  
12,        Senegal      ,    4  ,    51  ,    14  ,    0  ,    22  ,    15  ,    45  ,    69  ,    16  ,"    1,335  ","    1,179  ",    122  ,    38  ,    22  ,    8  
13,        Japan      ,    4  ,    42  ,    13  ,    0  ,    13  ,    14  ,    36  ,    67  ,    15  ,"    1,411  ","    1,255  ",    106  ,    27  ,    19  ,    9  
14,        Morocco      ,    5  ,    36  ,    13  ,    1  ,    17  ,    6  ,    33  ,    45  ,    12  ,"    1,322  ","    1,162  ",    180  ,    69  ,    6  ,    14  
15,        Switzerland      ,    4  ,    35  ,    13  ,    0  ,    9  ,    13  ,    49  ,    68  ,    14  ,"    1,698  ","    1,527  ",    101  ,    33  ,    20  ,    6  
16,        United States      ,    4  ,    44  ,    13  ,    0  ,    17  ,    13  ,    53  ,    105  ,    16  ,"    1,879  ","    1,709  ",    95  ,    41  ,    22  ,    5  
17,        Denmark      ,    3  ,    35  ,    12  ,    0  ,    14  ,    9  ,    60  ,    76  ,    16  ,"    1,622  ","    1,484  ",    99  ,    46  ,    21  ,    5  
18,        Ecuador      ,    3  ,    25  ,    12  ,    0  ,    7  ,    6  ,    53  ,    53  ,    15  ,"    1,160  ","    1,043  ",    99  ,    31  ,    11  ,    7  
19,        Serbia      ,    3  ,    33  ,    12  ,    1  ,    15  ,    6  ,    50  ,    67  ,    14  ,"    1,164  ","    1,024  ",    92  ,    25  ,    9  ,    4  
20,        Belgium      ,    3  ,    33  ,    10  ,    0  ,    13  ,    10  ,    56  ,    57  ,    13  ,"    1,608  ","    1,485  ",    82  ,    28  ,    17  ,    3  
21,        Ghana      ,    3  ,    24  ,    10  ,    0  ,    10  ,    3  ,    42  ,    49  ,    8  ,    985  ,    879  ,    89  ,    17  ,    13  ,    4  
22,        Iran      ,    3  ,    33  ,    10  ,    1  ,    13  ,    6  ,    38  ,    48  ,    6  ,    838  ,    693  ,    115  ,    26  ,    8  ,    6  
23,        Australia      ,    4  ,    23  ,    8  ,    0  ,    8  ,    7  ,    38  ,    65  ,    13  ,"    1,330  ","    1,116  ",    153  ,    70  ,    8  ,    1  
24,        Poland      ,    4  ,    29  ,    8  ,    1  ,    11  ,    10  ,    37  ,    51  ,    13  ,"    1,157  ","    1,014  ",    175  ,    73  ,    11  ,    1  
25,        Tunisia      ,    3  ,    31  ,    8  ,    0  ,    12  ,    10  ,    45  ,    59  ,    11  ,"    1,023  ",    879  ,    109  ,    34  ,    21  ,    7  
26,        Uruguay      ,    3  ,    30  ,    8  ,    0  ,    18  ,    4  ,    48  ,    49  ,    14  ,"    1,175  ","    1,020  ",    89  ,    39  ,    8  ,    3  
27,        Qatar      ,    3  ,    19  ,    7  ,    1  ,    12  ,    0  ,    44  ,    46  ,    11  ,"    1,074  ",    969  ,    106  ,    33  ,    9  ,    7  
28,        Saudi Arabia      ,    3  ,    27  ,    7  ,    1  ,    16  ,    3  ,    45  ,    47  ,    10  ,    919  ,    772  ,    101  ,    33  ,    8  ,    3  
29,        Wales      ,    3  ,    19  ,    6  ,    0  ,    8  ,    5  ,    45  ,    44  ,    10  ,"    1,044  ",    907  ,    135  ,    57  ,    6  ,    4  
30,        Canada      ,    3  ,    35  ,    5  ,    1  ,    19  ,    11  ,    52  ,    58  ,    19  ,"    1,312  ","    1,197  ",    89  ,    35  ,    12  ,    8  
31,        Costa Rica      ,    3  ,    9  ,    4  ,    0  ,    2  ,    3  ,    31  ,    21  ,    4  ,    841  ,    748  ,    110  ,    30  ,    1  ,    13  
